ProductID, ProductName                , Category        , Price
P001     , Wireless Mouse             , Accessories     ,   24.99
P002     , Mechanical Keyboard        , Accessories     ,   79.99
P003     , Gaming Headset             , Audio           ,   59.99
P004     , Bluetooth Speaker          , Audio           ,   49.99
P005     , USB-C Charger              , Chargers        ,   19.99
P006     , Power Bank 10000mAh        , Power           ,   29.99
P007     , 27-inch Monitor            , Displays        ,  229.99
P008     , Laptop Stand               , Accessories     ,   34.99
P009     , Webcam HD                  , Cameras         ,   44.99
P010     , External SSD 500GB         , Storage         ,   89.99
P011     , External HDD 1TB           , Storage         ,   64.99
P012     , Wireless Earbuds           , Audio           ,   99.99
P013     , Noise Cancelling Headphones, Audio           ,  199.99
P014     , Smart Watch                , Wearables       ,  249.99
P015     , Fitness Tracker            , Wearables       ,   79.99
P016     , Tablet 10-inch             , Tablets         ,  299.99
P017     , Android Smartphone         , Phones          ,  499.99
P018     , Wireless Charger           , Chargers        ,   29.99
P019     , USB Flash Drive 64GB       , Storage         ,   14.99
P020     , MicroSD Card 128GB         , Storage         ,   24.99
P021     , Portable Projector         , Projectors      ,  349.99
P022     , HDMI Cable 2m              , Cables          ,   12.99
P023     , USB-C Hub                  , Accessories     ,   39.99
P024     , Graphics Tablet            , Peripherals     ,   89.99
P025     , Gaming Mouse Pad           , Accessories     ,   19.99
P026     , WiFi Router                , Networking      ,  129.99
P027     , Mesh WiFi Node             , Networking      ,  149.99
P028     , Ethernet Switch            , Networking      ,   59.99
P029     , Laser Printer              , Printers        ,  199.99
P030     , Inkjet Printer             , Printers        ,  149.99
P031     , Document Scanner           , Scanners        ,  169.99
P032     , 4K Action Camera           , Cameras         ,  249.99
P033     , DSLR Camera                , Cameras         ,  899.99
P034     , Camera Tripod              , Cameras         ,   49.99
P035     , Ring Light                 , Lighting        ,   39.99
P036     , LED Desk Lamp              , Lighting        ,   34.99
P037     , Smart Bulb                 , Smart Home      ,   24.99
P038     , Smart Plug                 , Smart Home      ,   19.99
P039     , Smart Thermostat           , Smart Home      ,  199.99
P040     , Video Doorbell             , Smart Home      ,  179.99
P041     , Security Camera            , Smart Home      ,   99.99
P042     , VR Headset                 , Gaming          ,  399.99
P043     , Game Controller            , Gaming          ,   69.99
P044     , Gaming Console             , Gaming          ,  499.99
P045     , Streaming Device           , Entertainment   ,   49.99
P046     , Mini PC                    , Computers       ,  399.99
P047     , Laptop 14-inch             , Computers       ,  799.99
P048     , Desktop Computer           , Computers       ,  999.99
P049     , All-in-One PC              , Computers       ,  849.99
P050     , Wireless Presenter         , Accessories     ,   29.99
P051     , USB Microphone             , Audio           ,   79.99
P052     , Studio Monitor Speaker     , Audio           ,  149.99
P053     , MIDI Keyboard              , Audio           ,  129.99
P054     , Audio Interface            , Audio           ,  159.99
P055     , Portable SSD 1TB           , Storage         ,  149.99
P056     , NAS Storage                , Storage         ,  499.99
P057     , CPU Cooler                 , Components      ,   69.99
P058     , Computer Case              , Components      ,   89.99
P059     , Power Supply 650W          , Components      ,   99.99
P060     , DDR5 RAM 16GB              , Components      ,   79.99
P061     , Graphics Card              , Components      ,  599.99
P062     , Motherboard                , Components      ,  199.99
P063     , Processor                  , Components      ,  329.99
P064     , Wireless Adapter           , Networking      ,   34.99
P065     , Bluetooth Adapter          , Networking      ,   19.99
P066     , Portable Monitor           , Displays        ,  199.99
P067     , Curved Monitor             , Displays        ,  329.99
P068     , Smart TV 43-inch           , TVs             ,  449.99
P069     , Smart TV 55-inch           , TVs             ,  699.99
P070     , Soundbar                   , Audio           ,  179.99
P071     , Home Theater System        , Audio           ,  499.99
P072     , Electric Kettle            , Home Appliances ,   39.99
P073     , Air Fryer                  , Home Appliances ,  129.99
P074     , Robot Vacuum               , Home Appliances ,  349.99
P075     , Smart Refrigerator         , Home Appliances , 1499.99
P076     , Microwave Oven             , Home Appliances ,  199.99
P077     , Induction Cooktop          , Home Appliances ,   99.99
P078     , Coffee Maker               , Home Appliances ,   89.99
P079     , Electric Blender           , Home Appliances ,   69.99
P080     , Hair Dryer                 , Personal Care   ,   49.99
P081     , Electric Toothbrush        , Personal Care   ,   59.99
P082     , Electric Shaver            , Personal Care   ,   79.99
P083     , Portable Fan               , Home Appliances ,   29.99
P084     , Air Purifier               , Home Appliances ,  249.99
P085     , Dehumidifier               , Home Appliances ,  229.99
P086     , Smart Scale                , Wearables       ,   59.99
P087     , GPS Tracker                , Wearables       ,   69.99
P088     , Drone                      , Cameras         ,  699.99
P089     , Drone Battery              , Cameras         ,   99.99
P090     , Drone Controller           , Cameras         ,  149.99
P091     , Solar Power Bank           , Power           ,   49.99
P092     , Surge Protector            , Power           ,   24.99
P093     , Extension Cord             , Power           ,   19.99
P094     , Digital Alarm Clock        , Home Electronics,   29.99
P095     , FM Radio                   , Home Electronics,   39.99
P096     , E-Reader                   , Tablets         ,  149.99
P097     , Portable DVD Player        , Entertainment   ,   99.99
P098     , Blu-ray Player             , Entertainment   ,  129.99
P099     , Universal Remote           , Accessories     ,   24.99
P100     , Smart Display              , Smart Home      ,  199.99
